{"count":1,"self":28.7002784,"total":109.187778,"children":{"InitializeActuators":{"count":6,"self":0.00085299999999999992,"total":0.00085299999999999992,"children":null},"InitializeSensors":{"count":6,"self":0.0011179999999999999,"total":0.0011179999999999999,"children":null},"AgentSendState":{"count":72184,"self":1.84747,"total":3.0260819999999997,"children":{"CollectObservations":{"count":86622,"self":0.1485,"total":0.1485,"children":null},"WriteActionMask":{"count":86622,"self":0.029505999999999998,"total":0.029505999999999998,"children":null},"RequestDecision":{"count":86622,"self":0.14868199999999998,"total":1.0006059999999999,"children":{"AgentInfo.ToProto":{"count":86622,"self":0.120988,"total":0.851924,"children":{"GenerateSensorData":{"count":86622,"self":0.630027,"total":0.73093599999999992,"children":{"RayPerceptionSensor.Perceive":{"count":173244,"self":0.100909,"total":0.100909,"children":null}}}}}}}}},"DecideAction":{"count":72184,"self":71.074195199999991,"total":71.074195,"children":null},"AgentAct":{"count":72184,"self":6.3839112,"total":6.384716,"children":{"AgentInfo.ToProto":{"count":84,"self":0.000127,"total":0.00080499999999999994,"children":{"GenerateSensorData":{"count":84,"self":0.000571,"total":0.000678,"children":{"RayPerceptionSensor.Perceive":{"count":168,"self":0.000107,"total":0.000107,"children":null}}}}}}}},"gauges":{"Farmer.CumulativeReward":{"count":84,"max":44.07919,"min":-2.68998742,"runningAverage":8.7123785,"value":13.8747387,"weightedAverage":14.6559906}},"metadata":{"timer_format_version":"0.1.0","start_time_seconds":"1736584814","unity_version":"2022.3.50f1","command_line_arguments":"\/Applications\/Unity\/Hub\/Editor\/2022.3.50f1\/Unity.app\/Contents\/MacOS\/Unity -projectpath \/Users\/eljon\/Desktop\/HarvestSaga -useHub -hubIPC -cloudEnvironment production -licensingIpc LicenseClient-eljon -hubSessionId fe198f52-2b62-4ab9-a8b5-983f8dc01d81 -accessToken 06TnL0Du6CsjGFjnDm0IjkSPdRSSpHKmdtSX9ywR5Rg012f","communication_protocol_version":"1.5.0","com.unity.ml-agents_version":"2.0.1","scene_name":"SampleScene","end_time_seconds":"1736584923"}}